<?xml version="1.0" encoding="utf-8"?><rss version="2.0">
	<channel>
		<title>New On Steam</title> 
		<link>http://www.steampowered.com/</link> 
		<description>New game, demo, and trailer releases on Steam</description> 
		<lastBuildDate>Wed, 7 Mar 2018 02:28:50 -0800</lastBuildDate> 
						<item>
			<title><![CDATA[Now Available on Steam - FINAL FANTASY XV WINDOWS EDITION]]></title> 
			<link>http://store.steampowered.com/news/37858/</link>
			<guid isPermaLink="true">http://store.steampowered.com/news/37858/</guid>
			<pubDate>Tue, 6 Mar 2018 08:58:45 -0800</pubDate>
			<description>
				<![CDATA[ 
<a href='http://store.steampowered.com/app/637650/'>FINAL FANTASY XV WINDOWS EDITION</a> is Now Available on Steam!<br><br>Take the journey, now in ultimate quality. Boasting a wealth of bonus content and supporting ultra high-resolution graphical options and HDR 10, you can now enjoy the beautiful and carefully-crafted experience of FINAL FANTASY XV like never before.<br><a href="http://store.steampowered.com/app/637650/"><img src="https://steamcdn-a.akamaihd.net/steam/apps/637650/capsule_467x181.jpg" style=" float: left; margin-right: 12px; height: 181px; width: 467px;"></a>				]]> 
			</description>
		</item>
						<item>
			<title><![CDATA[Now Available on Steam - Trapper's Delight, 15% off!]]></title> 
			<link>http://store.steampowered.com/news/37842/</link>
			<guid isPermaLink="true">http://store.steampowered.com/news/37842/</guid>
			<pubDate>Tue, 6 Mar 2018 03:18:48 -0800</pubDate>
			<description>
				<![CDATA[ 
<a href='http://store.steampowered.com/app/467760/'>Trapper's Delight</a> is Now Available on Steam and is 15% off!*<br><br>In Trapper's Delight players compete to construct deadly labyrinths and then try to escape in one piece. Lure your friends into your deadly trap in local and online multiplayer or test your skills in singleplayer challenges.<br><br>*Offer ends March 13 at 10AM Pacific Time<br><a href="http://store.steampowered.com/app/467760/"><img src="https://steamcdn-a.akamaihd.net/steam/apps/467760/capsule_467x181.jpg" style=" float: left; margin-right: 12px; height: 181px; width: 467px;"></a>				]]> 
			</description>
		</item>
						<item>
			<title><![CDATA[New DLC Available - Rocket League® - DC Super Heroes DLC Pack]]></title> 
			<link>http://store.steampowered.com/news/37828/</link>
			<guid isPermaLink="true">http://store.steampowered.com/news/37828/</guid>
			<pubDate>Mon, 5 Mar 2018 02:20:00 -0800</pubDate>
			<description>
				<![CDATA[ 
<a href='http://store.steampowered.com/app/772150/'>Rocket League&reg; - DC Super Heroes DLC Pack</a>, all new content for <a href='http://store.steampowered.com/app/252950/'>Rocket League&reg;</a> is Now Available on Steam!<br><br>Experience the ultimate DC Comics crossover as two classic Bat(tle)-Cars from 2012&rsquo;s The Dark Knight Rises and 1989&rsquo;s Batman come to Rocket League!<br>Also included: more than 20 customization items and player banners based on Superman, Wonder Woman, The Flash and other popular characters!<br><br><a href="http://store.steampowered.com/app/772150/"><img src="https://steamcdn-a.akamaihd.net/steam/apps/772150/capsule_467x181.jpg" style=" float: left; margin-right: 12px; height: 181px; width: 467px;"></a>				]]> 
			</description>
		</item>
						<item>
			<title><![CDATA[Now Available on Steam - Call of Duty®: WWII The Resistance DLC Pack 1]]></title> 
			<link>http://store.steampowered.com/news/37772/</link>
			<guid isPermaLink="true">http://store.steampowered.com/news/37772/</guid>
			<pubDate>Fri, 2 Mar 2018 02:43:00 -0800</pubDate>
			<description>
				<![CDATA[ 
<a href='http://store.steampowered.com/app/476600/'>Call of Duty&reg;: WWII The Resistance DLC Pack 1</a> is Now Available on Steam!<br><br>Continue the epic scale of war with DLC Pack 1 for Call of Duty&reg;: WWII - The Resistance. Fight in iconic locations centered around historic resistance uprisings in three new Multiplayer maps, as well as an all new objective-based War mode mission, 'Operation Intercept'. Plus, experience the latest Nazi Zombies chapter, 'The Darkest Shore'. Buy the Season Pass or Digital Deluxe Edition to access DLC Pack 1. <br><br><a href="http://store.steampowered.com/app/476600/"><img src="https://steamcdn-a.akamaihd.net/steam/apps/476600/capsule_467x181.jpg" style=" float: left; margin-right: 12px; height: 181px; width: 467px;"></a>				]]> 
			</description>
		</item>
						<item>
			<title><![CDATA[Now Available on Steam - Pit People®]]></title> 
			<link>http://store.steampowered.com/news/37758/</link>
			<guid isPermaLink="true">http://store.steampowered.com/news/37758/</guid>
			<pubDate>Fri, 2 Mar 2018 09:03:42 -0800</pubDate>
			<description>
				<![CDATA[ 
<a href='http://store.steampowered.com/app/291860/'>Pit People&reg;</a> is Now Available on Steam!<br><br>In this fast-paced, turn-based, co-op adventure you'll quest and explore, find awesome loot, customize your fighters, and recruit strange species! Come master your destiny in this strategic game of positioning.<br><a href="http://store.steampowered.com/app/291860/"><img src="https://steamcdn-a.akamaihd.net/steam/apps/291860/capsule_467x181.jpg" style=" float: left; margin-right: 12px; height: 181px; width: 467px;"></a>				]]> 
			</description>
		</item>
						<item>
			<title><![CDATA[Square Enix Publisher Weekend, Up to 80% Off!]]></title> 
			<link>http://store.steampowered.com/news/37680/</link>
			<guid isPermaLink="true">http://store.steampowered.com/news/37680/</guid>
			<pubDate>Thu, 1 Mar 2018 10:00:00 -0800</pubDate>
			<description>
				<![CDATA[ 
Save up to 80% on <a href="http://store.steampowered.com/sale/squareenix-publisher-weekend/">Square Enix games</a> as part of this week's Weekend Deal*!<br><br>*Offer ends Monday at 10AM Pacific Time<br><a href="http://store.steampowered.com/sale/squareenix-publisher-weekend/"><img src="https://steamcdn-a.akamaihd.net/steam/news/37680/SQEX_PubSale_467x181.jpg?t=1519860069" style=" float: left; margin-right: 12px; height: 181px; width: 467px;"></a>				]]> 
			</description>
		</item>
						<item>
			<title><![CDATA[Now Available on Steam - Where the Water Tastes Like Wine, 15% off!]]></title> 
			<link>http://store.steampowered.com/news/37671/</link>
			<guid isPermaLink="true">http://store.steampowered.com/news/37671/</guid>
			<pubDate>Wed, 28 Feb 2018 11:58:00 -0800</pubDate>
			<description>
				<![CDATA[ 
<a href='http://store.steampowered.com/app/447120/'>Where the Water Tastes Like Wine</a> is Now Available on Steam and is 15% off!*<br><br>Where the Water Tastes Like Wine is a Narrative-Adventure game about traveling, sharing stories, and surviving manifest destiny.<br><br>*Offer ends March 7 at 10AM Pacific Time<br><a href="http://store.steampowered.com/app/447120/"><img src="https://steamcdn-a.akamaihd.net/steam/apps/447120/capsule_467x181.jpg" style=" float: left; margin-right: 12px; height: 181px; width: 467px;"></a>				]]> 
			</description>
		</item>
						<item>
			<title><![CDATA[Pre-Purchase Now - Warhammer: Vermintide 2]]></title> 
			<link>http://store.steampowered.com/news/37672/</link>
			<guid isPermaLink="true">http://store.steampowered.com/news/37672/</guid>
			<pubDate>Wed, 28 Feb 2018 10:30:00 -0800</pubDate>
			<description>
				<![CDATA[ 
<a href='http://store.steampowered.com/app/552500/'>Warhammer: Vermintide 2</a> is Now Available for Pre-Purchase on Steam and is 10% off!*<br><br>Pre-Purchase Warhammer:  Vermintide 2 now and receive immediate access to the beta. <br><br>Warhammer: Vermintide 2 is the sequel to the critically acclaimed Vermintide. The time has arrived to revisit the fierce first-person co-op slaughter-fest featuring visceral and ground breaking melee action, set in the apocalyptic End Times of the war-ravaged Warhammer Fantasy Battles world . <br><br>*Offer ends March 8th at 10AM Pacific Time<br><a href="http://store.steampowered.com/app/552500/"><img src="https://steamcdn-a.akamaihd.net/steam/apps/552500/capsule_467x181.jpg" style=" float: left; margin-right: 12px; height: 181px; width: 467px;"></a>				]]> 
			</description>
		</item>
						<item>
			<title><![CDATA[Now Leaving Early Access - H1Z1: Battle Royale]]></title> 
			<link>http://store.steampowered.com/news/37658/</link>
			<guid isPermaLink="true">http://store.steampowered.com/news/37658/</guid>
			<pubDate>Wed, 28 Feb 2018 10:03:00 -0800</pubDate>
			<description>
				<![CDATA[ 
<a href='http://store.steampowered.com/app/433850/'>H1Z1: Battle Royale</a> has left Early Access on Steam!<br><br>Play the new game mode AUTO ROYALE Drive into battle as part of a 4-player vehicle of mayhem. Fight for power-ups to equip your squad and upgrade your ride. Outdrive, outshoot, and outlast the competition to BE THE LAST TEAM DRIVING!<br><a href="http://store.steampowered.com/app/433850/"><img src="https://steamcdn-a.akamaihd.net/steam/apps/433850/capsule_467x181.jpg" style=" float: left; margin-right: 12px; height: 181px; width: 467px;"></a>				]]> 
			</description>
		</item>
						<item>
			<title><![CDATA[Now Available on Steam Early Access - Deep Rock Galactic]]></title> 
			<link>http://store.steampowered.com/news/37639/</link>
			<guid isPermaLink="true">http://store.steampowered.com/news/37639/</guid>
			<pubDate>Wed, 28 Feb 2018 12:01:42 -0800</pubDate>
			<description>
				<![CDATA[ 
<a href='http://store.steampowered.com/app/548430/'>Deep Rock Galactic</a> is Now Available on Steam Early Access!<br><br>Deep Rock Galactic is a 1-4 player co-op-first sci-fi FPS featuring badass space Dwarves, 100% destructible environments, procedurally-generated caves, and endless hordes of alien monsters.<br><a href="http://store.steampowered.com/app/548430/"><img src="https://steamcdn-a.akamaihd.net/steam/apps/548430/capsule_467x181.jpg" style=" float: left; margin-right: 12px; height: 181px; width: 467px;"></a>				]]> 
			</description>
		</item>
						<item>
			<title><![CDATA[Now Available on Steam - Cyberdimension Neptunia: 4 Goddesses Online | 四女神オンライン CYBER DIMENSION NEPTUNE | 四女神ONLINE 幻次元遊戲戰機少女, 30% off!]]></title> 
			<link>http://store.steampowered.com/news/37629/</link>
			<guid isPermaLink="true">http://store.steampowered.com/news/37629/</guid>
			<pubDate>Tue, 27 Feb 2018 03:03:11 -0800</pubDate>
			<description>
				<![CDATA[ 
<a href='http://store.steampowered.com/app/632350/'>Cyberdimension Neptunia: 4 Goddesses Online | 四女神オンライン CYBER DIMENSION NEPTUNE | 四女神ONLINE 幻次元遊戲戰機少女</a> is Now Available on Steam and is 30% off!*<br><br>In this hack 'n' slash adventure co-developed with Tamsoft and Compile Heart, everyone's favorite four Goddesses enter an online fantasy game world inspired by... themselves! Choose from 12 characters, each with a unique playstyle, to fight in 4-person realtime brawls, unleash devastating Awakening Skills, customize with tons of cosmetic accessories, and even play online with others!<br><br>*Offer ends March 6 at 10AM Pacific Time<br><a href="http://store.steampowered.com/app/632350/"><img src="https://steamcdn-a.akamaihd.net/steam/apps/632350/capsule_467x181.jpg" style=" float: left; margin-right: 12px; height: 181px; width: 467px;"></a>				]]> 
			</description>
		</item>
						<item>
			<title><![CDATA[Now Available on Steam - Puyo Puyo™Tetris®]]></title> 
			<link>http://store.steampowered.com/news/37619/</link>
			<guid isPermaLink="true">http://store.steampowered.com/news/37619/</guid>
			<pubDate>Tue, 27 Feb 2018 10:00:37 -0800</pubDate>
			<description>
				<![CDATA[ 
<a href='http://store.steampowered.com/app/546050/'>Puyo Puyo&trade;Tetris&reg;</a> is Now Available on Steam!<br><br>Two puzzle game juggernauts collide as global phenomenon Tetris&reg; and SEGA&rsquo;s famous Puyo Puyo&trade; combine in a super mash-up of ferocious competition, adorable looks, and addictive puzzle fun!<br><a href="http://store.steampowered.com/app/546050/"><img src="https://steamcdn-a.akamaihd.net/steam/apps/546050/capsule_467x181.jpg" style=" float: left; margin-right: 12px; height: 181px; width: 467px;"></a>				]]> 
			</description>
		</item>
						<item>
			<title><![CDATA[Now Available on Steam - CHRONO TRIGGER®]]></title> 
			<link>http://store.steampowered.com/news/37613/</link>
			<guid isPermaLink="true">http://store.steampowered.com/news/37613/</guid>
			<pubDate>Tue, 27 Feb 2018 08:56:58 -0800</pubDate>
			<description>
				<![CDATA[ 
<a href='http://store.steampowered.com/app/613830/'>CHRONO TRIGGER&reg;</a> is Now Available on Steam!<br><br>The timeless RPG classic returns loaded with upgrades! Journey to the forgotten past, to the far future, and to the end of time. A big adventure to save the planet, now begins…<br><a href="http://store.steampowered.com/app/613830/"><img src="https://steamcdn-a.akamaihd.net/steam/apps/613830/capsule_467x181.jpg" style=" float: left; margin-right: 12px; height: 181px; width: 467px;"></a>				]]> 
			</description>
		</item>
						<item>
			<title><![CDATA[Now Available on Steam - YUMENIKKI -DREAM DIARY-]]></title> 
			<link>http://store.steampowered.com/news/37486/</link>
			<guid isPermaLink="true">http://store.steampowered.com/news/37486/</guid>
			<pubDate>Fri, 23 Feb 2018 09:57:00 -0800</pubDate>
			<description>
				<![CDATA[ 
<a href='http://store.steampowered.com/app/774811/'>YUMENIKKI -DREAM DIARY-</a> is Now Available on Steam!<br><br><i>Yume Nikki</i> has been hailed as one of the greatest (and most controversial) games ever created with RPG Maker. The new <i>YUMENIKKI -DREAM DIARY-</i> is not a remake, but a full reimagining of the original―reconstructed and enhanced using elements and styles of modern indie games.<br><br><a href="http://store.steampowered.com/app/774811/"><img src="https://steamcdn-a.akamaihd.net/steam/apps/774811/capsule_467x181.jpg" style=" float: left; margin-right: 12px; height: 181px; width: 467px;"></a>				]]> 
			</description>
		</item>
						<item>
			<title><![CDATA[Now Available on Steam Early Access - Hunt Showdown]]></title> 
			<link>http://store.steampowered.com/news/37461/</link>
			<guid isPermaLink="true">http://store.steampowered.com/news/37461/</guid>
			<pubDate>Thu, 22 Feb 2018 09:40:00 -0800</pubDate>
			<description>
				<![CDATA[ 
<a href='http://store.steampowered.com/app/594650/'>Hunt Showdown</a> is Now Available on Steam Early Access!<br><br>*EARLY ACCESS GAME* Hunt: Showdown is a competitive first-person PvP bounty hunting game with heavy PvE elements, from the makers of Crysis. Set in the darkest corners of the world, it packs the thrill of survival games into a match-based format.<br><a href="http://store.steampowered.com/app/594650/"><img src="https://steamcdn-a.akamaihd.net/steam/apps/594650/capsule_467x181.jpg" style=" float: left; margin-right: 12px; height: 181px; width: 467px;"></a>				]]> 
			</description>
		</item>
						<item>
			<title><![CDATA[Now Available on Steam - Orwell: Ignorance is Strength, 10% off!]]></title> 
			<link>http://store.steampowered.com/news/36952/</link>
			<guid isPermaLink="true">http://store.steampowered.com/news/36952/</guid>
			<pubDate>Thu, 22 Feb 2018 09:00:00 -0800</pubDate>
			<description>
				<![CDATA[ 
<a href='http://store.steampowered.com/app/633060/'>Orwell: Ignorance is Strength</a> is Now Available on Steam and is 10% off! Save an additional 10% if you own <a href='http://store.steampowered.com/app/491950/'>Orwell: Keeping an Eye On You</a>*<br><br>Step into the shoes of a government official in a top-secret department of the Orwell surveillance program. Given the power to both uncover and fabricate &quot;the truth&quot;, how far will you go in the service of your country? Season 2 of Orwell, the award-winning surveillance thriller.<br><br>*Offer ends March 1 at 8AM Pacific Time<br><a href="http://store.steampowered.com/app/633060/"><img src="https://steamcdn-a.akamaihd.net/steam/apps/633060/capsule_467x181.jpg" style=" float: left; margin-right: 12px; height: 181px; width: 467px;"></a>				]]> 
			</description>
		</item>
						<item>
			<title><![CDATA[Now Available on Steam Early Access - Abandon Ship, 15% off!]]></title> 
			<link>http://store.steampowered.com/news/37418/</link>
			<guid isPermaLink="true">http://store.steampowered.com/news/37418/</guid>
			<pubDate>Wed, 21 Feb 2018 01:15:00 -0800</pubDate>
			<description>
				<![CDATA[ 
<a href='http://store.steampowered.com/app/551860/'>Abandon Ship</a> is Now Available on Steam Early Access and is 15% off!*<br><br>In Abandon Ship you take command of a ship and her crew, exploring a diverse, procedurally generated world and engaging enemy vessels in tactical combat. The game focuses on &ldquo;Age of Sail&rdquo; ships in a Fantasy setting, framed in an Art Style inspired by classic Naval Oil Paintings.<br><br>*Offer ends February 28 at 10AM Pacific Time<br><a href="http://store.steampowered.com/app/551860/"><img src="https://steamcdn-a.akamaihd.net/steam/apps/551860/capsule_467x181.jpg" style=" float: left; margin-right: 12px; height: 181px; width: 467px;"></a>				]]> 
			</description>
		</item>
						<item>
			<title><![CDATA[Now Available on Steam - Knights of Pen and Paper 2: Free Edition]]></title> 
			<link>http://store.steampowered.com/news/37413/</link>
			<guid isPermaLink="true">http://store.steampowered.com/news/37413/</guid>
			<pubDate>Wed, 21 Feb 2018 01:14:00 -0800</pubDate>
			<description>
				<![CDATA[ 
<a href='http://store.steampowered.com/app/794820/'>Knights of Pen and Paper 2: Free Edition</a> is Now Available on Steam!<br><br>Join the retro RPG world of Paperos - become a Knight of Pen and Paper in the newly revamped &quot;Free Edition&quot;!<br><a href="http://store.steampowered.com/app/794820/"><img src="https://steamcdn-a.akamaihd.net/steam/apps/794820/capsule_467x181.jpg" style=" float: left; margin-right: 12px; height: 181px; width: 467px;"></a>				]]> 
			</description>
		</item>
						<item>
			<title><![CDATA[Now Available on Steam - Rad Rodgers, 25% off!]]></title> 
			<link>http://store.steampowered.com/news/37421/</link>
			<guid isPermaLink="true">http://store.steampowered.com/news/37421/</guid>
			<pubDate>Wed, 21 Feb 2018 01:13:00 -0800</pubDate>
			<description>
				<![CDATA[ 
<a href='http://store.steampowered.com/app/805660/'>Rad Rodgers</a> is Now Available on Steam and is 25% off!*<br><br>Bringing back the 90's-era PC platformer with a game inspired by classics like Commander Keen, Conker, Ruff'n'Tumble &amp; Jazz Jackrabbit.<br><br>*Offer ends February 28 at 10AM Pacific Time<br><a href="http://store.steampowered.com/app/805660/"><img src="https://steamcdn-a.akamaihd.net/steam/apps/805660/capsule_467x181.jpg" style=" float: left; margin-right: 12px; height: 181px; width: 467px;"></a>				]]> 
			</description>
		</item>
						<item>
			<title><![CDATA[Midweek Madness - Starpoint Gemini Warlords, 66% Off]]></title> 
			<link>http://store.steampowered.com/news/37126/</link>
			<guid isPermaLink="true">http://store.steampowered.com/news/37126/</guid>
			<pubDate>Tue, 20 Feb 2018 10:20:00 -0800</pubDate>
			<description>
				<![CDATA[ 
Save up to 66% on <a href='http://store.steampowered.com/app/419480/'>Starpoint Gemini Warlords</a> and DLC during this week's Midweek Madness*!<br><br>*Offer ends Friday at 10AM Pacific Time<br><a href="http://store.steampowered.com/app/419480/"><img src="https://steamcdn-a.akamaihd.net/steam/apps/419480/capsule_467x181.jpg" style=" float: left; margin-right: 12px; height: 181px; width: 467px;"></a>				]]> 
			</description>
		</item>
						<item>
			<title><![CDATA[Now Available on Steam - Discovery Tour by Assassin’s Creed®: Ancient Egypt]]></title> 
			<link>http://store.steampowered.com/news/37389/</link>
			<guid isPermaLink="true">http://store.steampowered.com/news/37389/</guid>
			<pubDate>Tue, 20 Feb 2018 09:05:00 -0800</pubDate>
			<description>
				<![CDATA[ 
<a href='http://store.steampowered.com/app/775430/'>Discovery Tour by Assassin&rsquo;s Creed&reg;: Ancient Egypt</a> is Now Available on Steam!<br><br>Discovery Tour is an educational mode of the game Assassin's Creed&reg; Origins in which you can discover and explore the world free of conflict.<br><br>*The Discovery Tour is already included in Assassin's Creed&reg; Origins as a free update.*<br><a href="http://store.steampowered.com/app/775430/"><img src="https://steamcdn-a.akamaihd.net/steam/apps/775430/capsule_467x181.jpg" style=" float: left; margin-right: 12px; height: 181px; width: 467px;"></a>				]]> 
			</description>
		</item>
						<item>
			<title><![CDATA[Now Available on Steam - Kingdom Come: Deliverance]]></title> 
			<link>http://store.steampowered.com/news/37146/</link>
			<guid isPermaLink="true">http://store.steampowered.com/news/37146/</guid>
			<pubDate>Tue, 13 Feb 2018 10:20:00 -0800</pubDate>
			<description>
				<![CDATA[ 
<a href='http://store.steampowered.com/app/379430/'>Kingdom Come: Deliverance</a> is Now Available on Steam!<br><br>Kingdom Come: Deliverance is a story-driven open-world RPG that immerses you in an epic adventure in the Holy Roman Empire. Avenge your parents' death as you battle invading forces, go on game-changing quests, and make influential choices. Explore majestic castles, deep forests, thriving villages and countless other realistic settings in medieval Bohemia!<br><a href="http://store.steampowered.com/app/379430/"><img src="https://steamcdn-a.akamaihd.net/steam/apps/379430/capsule_467x181.jpg" style=" float: left; margin-right: 12px; height: 181px; width: 467px;"></a>				]]> 
			</description>
		</item>
						<item>
			<title><![CDATA[Midweek Madness - LEGO® Marvel Super Heroes 2, 30% Off]]></title> 
			<link>http://store.steampowered.com/news/37130/</link>
			<guid isPermaLink="true">http://store.steampowered.com/news/37130/</guid>
			<pubDate>Tue, 13 Feb 2018 10:20:00 -0800</pubDate>
			<description>
				<![CDATA[ 
Save 30% on <a href='http://store.steampowered.com/app/647830/'>LEGO&reg; Marvel Super Heroes 2</a> during this week's Midweek Madness*!<br><br>*Offer ends Friday at 10AM Pacific Time<br><a href="http://store.steampowered.com/app/647830/"><img src="https://steamcdn-a.akamaihd.net/steam/apps/647830/capsule_467x181.jpg" style=" float: left; margin-right: 12px; height: 181px; width: 467px;"></a>				]]> 
			</description>
		</item>
						<item>
			<title><![CDATA[Now Available on Steam - Crossing Souls, 20% off!]]></title> 
			<link>http://store.steampowered.com/news/37172/</link>
			<guid isPermaLink="true">http://store.steampowered.com/news/37172/</guid>
			<pubDate>Tue, 13 Feb 2018 10:16:00 -0800</pubDate>
			<description>
				<![CDATA[ 
<a href='http://store.steampowered.com/app/331690/'>Crossing Souls</a> is Now Available on Steam and is 20% off!*<br><br>It&rsquo;s 1986 in California. A group of friends discover a mysterious pink stone that allows to travel between two realms. This gang will live the summer of their lives in an adventure that will get them involved in a government conspiracy. Control five kids with special skills while fighting and solving puzzles.<br><br>*Offer ends February 20 at 10AM Pacific Time<br><a href="http://store.steampowered.com/app/331690/"><img src="https://steamcdn-a.akamaihd.net/steam/apps/331690/capsule_467x181.jpg" style=" float: left; margin-right: 12px; height: 181px; width: 467px;"></a>				]]> 
			</description>
		</item>
						<item>
			<title><![CDATA[Now Available on Steam - Knockout League - Arcade VR Boxing, 10% off!]]></title> 
			<link>http://store.steampowered.com/news/37179/</link>
			<guid isPermaLink="true">http://store.steampowered.com/news/37179/</guid>
			<pubDate>Tue, 13 Feb 2018 10:15:00 -0800</pubDate>
			<description>
				<![CDATA[ 
<a href='http://store.steampowered.com/app/488920/'>Knockout League - Arcade VR Boxing</a> is Now Available on Steam and is 10% off!*<br><br>Welcome to the Knockout League, an arcade style boxing game built from the ground up for VR. Its intuitive gameplay involves moving and dodging with your body and 1:1 punch movement that lets you attack how you want. Fight a crazy cast of characters to become the champion of the Knockout League!<br><br>*Offer ends February 20 at 10AM Pacific Time<br><a href="http://store.steampowered.com/app/488920/"><img src="https://steamcdn-a.akamaihd.net/steam/apps/488920/capsule_467x181.jpg" style=" float: left; margin-right: 12px; height: 181px; width: 467px;"></a>				]]> 
			</description>
		</item>
						<item>
			<title><![CDATA[Now Available on Steam - DYNASTY WARRIORS 9/真・三國無双８, 10% off!]]></title> 
			<link>http://store.steampowered.com/news/37149/</link>
			<guid isPermaLink="true">http://store.steampowered.com/news/37149/</guid>
			<pubDate>Tue, 13 Feb 2018 12:08:12 -0800</pubDate>
			<description>
				<![CDATA[ 
<a href='http://store.steampowered.com/app/730310/'>DYNASTY WARRIORS 9/真・三國無双８</a> is Now Available on Steam and is 10% off!*<br><br>Experience the thrill of one versus thousands in an all new open world setting with DYNASTY WARRIORS 9! Travel through Ancient China depicted on a single, vast, open-world map, master the new State Combo System, and watch the Three Kingdoms story unfold through a cast of 90 playable characters!<br><br>*Offer ends February 20 at 10AM Pacific Time<br><a href="http://store.steampowered.com/app/730310/"><img src="https://steamcdn-a.akamaihd.net/steam/apps/730310/capsule_467x181.jpg" style=" float: left; margin-right: 12px; height: 181px; width: 467px;"></a>				]]> 
			</description>
		</item>
						<item>
			<title><![CDATA[Now Available on Steam Early Access - Descenders, 10% off!]]></title> 
			<link>http://store.steampowered.com/news/37076/</link>
			<guid isPermaLink="true">http://store.steampowered.com/news/37076/</guid>
			<pubDate>Fri, 9 Feb 2018 07:45:07 -0800</pubDate>
			<description>
				<![CDATA[ 
<a href='http://store.steampowered.com/app/681280/'>Descenders</a> is Now Available on Steam Early Access and is 10% off!*<br><br>Descenders is extreme downhill freeriding for the modern era, with procedurally generated worlds, and where mistakes have real consequences. Will you lead your team to glory and become the next legendary Descender?<br><br>*Offer ends February 16 at 10AM Pacific Time<br><a href="http://store.steampowered.com/app/681280/"><img src="https://steamcdn-a.akamaihd.net/steam/apps/681280/capsule_467x181.jpg" style=" float: left; margin-right: 12px; height: 181px; width: 467px;"></a>				]]> 
			</description>
		</item>
						<item>
			<title><![CDATA[Now Available on Steam Early Access - Onmyoji]]></title> 
			<link>http://store.steampowered.com/news/37063/</link>
			<guid isPermaLink="true">http://store.steampowered.com/news/37063/</guid>
			<pubDate>Thu, 8 Feb 2018 10:13:07 -0800</pubDate>
			<description>
				<![CDATA[ 
<a href='http://store.steampowered.com/app/551170/'>Onmyoji</a> is Now Available on Steam Early Access!<br><br>Onmyoji is a turn-based fantasy strategy game with PVP or PVE battles, where you can strengthen your beloved shikigami to build your dream tactical team and defeat various demons to become the ultimate onmyoji. Cross-platform play available for both Steam and English mobile versions.<br><a href="http://store.steampowered.com/app/551170/"><img src="https://steamcdn-a.akamaihd.net/steam/apps/551170/capsule_467x181.jpg" style=" float: left; margin-right: 12px; height: 181px; width: 467px;"></a>				]]> 
			</description>
		</item>
						<item>
			<title><![CDATA[Now Available on Steam - Planetoid Pioneers - Up to 25% off!]]></title> 
			<link>http://store.steampowered.com/news/37022/</link>
			<guid isPermaLink="true">http://store.steampowered.com/news/37022/</guid>
			<pubDate>Thu, 8 Feb 2018 10:05:00 -0800</pubDate>
			<description>
				<![CDATA[ 
<a href='http://store.steampowered.com/app/300260/'>Planetoid Pioneers</a> is Now Available on Steam and is up to 25% off!*<br><br>Welcome to Planetoid Pioneers, a cooperative sci-fi Physicsvania where kooky old astronauts fall over themselves with QWOP-like action to explore the Asteroid Belt beyond Mars. It&rsquo;s been built on the unique Crush2D physics engine and can be played on your couch with or against your friends in seamless pick-up-and-play Co-Op and PvP action.<br><br>To celebrate the launch from Steam Early Access, the Contributor Edition is 25% off*.  Owners of <a href="http://store.steampowered.com/app/209670/Cortex_Command/">Cortex Command</a> receive an additional 25% off the Contributor Edition.*<br><br>*Offers end February 15 at 9AM Pacific Time<br><a href="http://store.steampowered.com/app/300260/"><img src="https://steamcdn-a.akamaihd.net/steam/news/37022/PP.png?t=1518113212" style=" float: left; margin-right: 12px; height: 181px; width: 467px;"></a>				]]> 
			</description>
		</item>
						<item>
			<title><![CDATA[Weekend Deal - OKAMI HD, 30% Off!]]></title> 
			<link>http://store.steampowered.com/news/36936/</link>
			<guid isPermaLink="true">http://store.steampowered.com/news/36936/</guid>
			<pubDate>Thu, 8 Feb 2018 10:00:00 -0800</pubDate>
			<description>
				<![CDATA[ 
Save 30% on <a href='http://store.steampowered.com/app/587620/'>OKAMI HD</a> as part of this week's Weekend Deal*!<br><br>*Offer ends Monday at 10AM Pacific Time<br><a href="http://store.steampowered.com/app/587620/"><img src="https://steamcdn-a.akamaihd.net/steam/apps/587620/capsule_467x181.jpg" style=" float: left; margin-right: 12px; height: 181px; width: 467px;"></a>				]]> 
			</description>
		</item>
			</channel>
</rss>

